Chronological order	Codigo	Fecha de exhibición	Fecha de recepción	Fecha del evento	Tipo de información	Titulo	Read?	Duplicates?	In book? (Y / N)	If yes: Tomo/Chapter	Moved to modified transcript folder?			
1	864	3/16/01	3/14/01	1/8/1998	video	DR. MONTESINOS TORRES - SR. DANIEL BOROBIO GUEDE CIUDADANO CHILENO	X		Y	1/ 1.1	X			
2	866	2/27/01	2/26/01	1/15/1998	video	DR. ALEX KOURI BUMACHAR - CONGRESISTA ABSAL√ìN V√ÅSQUEZ - CONGRESISTA LUZ SALGADO - DR. MONTESINOS TORRES	X		Y	2/ 5.1	X			
3	869	2/20/01	2/14/01	1/23/1998	video	DR. EDUARDO FERRERO COSTA - SR. MONTESINOS TORRES	X		Y	5/ 8.6	X			
4	873	2/28/01	2/26/01	1/28/1998	video	DR. ALEX KOURI BUMACHAR - DR. MONTESINOS TORRES	X		Y	2/ 5.2	X			
5	872	2/28/01	2/26/01	1/28/1998	video	DR. ALEX KOURI BUMACHAR - DR. MONTESINOS TORRES	X	duplicate of 873	Y	2/ 5.2	X			
6	919	6/30/01	5/21/01	3/5/1998	audio	BARLEY - DELEGACI√ìN ISRAEL√ç	X		Y	5/ 8.23	X			
7	863	6/5/01	5/21/01	3/6/1998	audio	ALMUERZO LUCCHETTI - DR.	X	blank	Y	1/ 1.4	Blank			
8	862	6/4/01	5/21/01	3/6/1998	audio	DI√ÅLOGO DR. - LUCCHETTI	X	blank			Blank			
9	856	6/4/01	5/21/01	3/6/1998	video	DI√ÅLOGO DR. - LUCCHETTI	X	contained within 857	Y	1/ 1.5	X			
10	857	6/4/01	5/21/01	3/6/1998	video	DI√ÅLOGO DR. - LUCCHETTI	X		Y	1/ 1.4	X			
11	809	2/12/01	2/10/01	4/3/1998	audio	REUNION DE NM C-90 - DR	X	blank			Blank			
12	808	2/12/01	2/10/01	4/3/1998	audio	REUNION DE NM C-90 - DR	X	blank			Blank			
13	807	2/12/01	2/10/01	4/3/1998	video	REUNION DE NM C-90 - DR	X		Y	4/ 6.1	X			
14	806	2/12/01	2/10/01	4/3/1998	video	REUNION DE NM C-90 - DR	X	duplicate 807	Y	4/ 6.1	X			
15	877	6/30/01	5/21/01	4/14/1998	audio	REUNI√ìN DR. - DON - VISITA	X	blank			X			
16	876	6/30/01	5/21/01	4/14/1998	video	REUNI√ìN DR. - DON - VISITA	X		Y	5/ 8.16	X			
17	881	2/12/01	2/7/01	4/29/1998	video	SRA. CUCULIZA TORRE - GENERAL EP BRIONES - DR. MONTESINOS TORRES - ING. ALBERTO FUJIMORI	X		Y	2/ 5.3	X			
18	880	2/12/01	2/7/01	4/29/1998	video	SRA. CUCULIZA TORRE - GENERAL EP BRIONES - DR. MONTESINOS TORRES - ING. ALBERTO FUJIMORI	X	duplicate of 881	Y	2/ 5.3	X			
19	889	1/24/01	2/13/01	5/3/1998	video	DR. - MONTES DE OCA - CASTILLO - SERPA	X		Y	2/ 4.2	X			
20	888	1/24/01	2/13/01	5/3/1998	video	DR. - MONTES DE OCA - CASTILLO - SERPA	X	duplicate of 889	Y	2/ 4.2	X			
21	884	2/15/01	2/13/01	5/5/1998	video	RENUNCIA DELLEPIANI	X		Y	2/ 4.3	X			
22	892	1/25/01	2/13/01	5/19/1998	video	DR. BELTR√ÅN QUIROGA - DR. MONTESINOS TORRES	X		Y	2/ 4.4	X			
23	907	2/14/01	2/13/01	6/13/1998	video	RENUNCIA DR. Y SANTANDER	X		Y	2/ 3.2	X			
24	912	2/12/01	2/9/01	6/15/1998	audio	REUNION #2 DR - VALLE RIESTRA - SANTANDER	X	blank			X			
25	911	2/12/01	2/9/01	6/12/1998	video	REUNION #2 DR - VALLE RIESTRA - SANTANDER	X	duplicate of 910	Y	2/3.3	X			
26	910	2/12/01	2/9/01	6/12/1998	video	REUNION #2 DR - VALLE RIESTRA - SANTANDER	X	Note: the original date was incorrect; 6/12/98 is the correct date.	Y	2/ 3.3	X			
27	904	6/30/01	5/21/01	6/12/1998	video	REUNI√ìN #1 DR. - VALLE RIESTRA - SANTANDER	X	Note: the original date was incorrect; 6/12/98 is the correct date.	Y	2/ 3.1	X			
28	916	2/8/01	2/8/01	7/21/1998	video	CONGRESISTA MEDELIUS R. - DR. MU√ëOZ ARCE - DR. MONTESINOS TORRES	X	NOTE: unidentified speakers in transcript identified in book	Y	2/ 5.5	X			
29	913	2/8/01	2/8/01	7/20/1998	video	DR. GARC√çA MARCELO - DR. HERN√ÅNDEZ CANELO - DR. MONTESINOS TORRES	X		Y	2/ 5.4	X			
30	974	6/30/01	5/21/01	7/24/1998	video	CONDECORACI√ìN DEL DR. MONTESINOS POR LA FAP	X	continuation of 975 (end)	Y	6/ 10.19	X	BLANK CHAPTER IN BOOK		
31	977	6/30/01	5/21/01	7/24/1998	video	CONDECORACI√ìN DEL DR. MONTESINOS POR LA FAP	X	continuation of 978	Y	6/ 10.19	X	BLANK CHAPTER IN BOOK		
32	976	6/30/01	5/21/01	7/24/1998	video	CONDECORACI√ìN DEL DR. MONTESINOS POR LA FAP	X	continuation of 977	Y	6/ 10.19	X	BLANK CHAPTER IN BOOK		
33	978	6/30/01	5/21/01	7/24/1998	audio	CONDECORACI√ìN DEL DR. MONTESINOS POR LA FAP	X	start	Y	6/ 10.19	X	BLANK CHAPTER IN BOOK		
34	975	6/30/01	5/21/01	7/24/1998	video	CONDECORACI√ìN DEL DR. MONTESINOS POR LA FAP	X	continuation of 976	Y	6/ 10.19	X	BLANK CHAPTER IN BOOK		
35	1188	7/4/01	5/24/01	8/2/1998	video	REUNI√ìN DR. - BOROBIO - HURTADO MILLER	X	continuation of 1189	Y	3/ 5.6	X			
36	1189	7/4/01	5/24/01	8/2/1998	video	REUNI√ìN DR. - BOROBIO - HURTADO MILLER	X		Y	3/ 5.7	X			
37	1184	7/4/01	5/24/01	8/11/1998	video	ENTREGA DE FONDOS A HURTADO MILLER # 2	X		Y	3/ 5.9	X			
38	1183	7/4/01	5/24/01	8/2/1998	video	ENTREGA DE FONDOS A HURTADO MILLER #1	X	continuation of 1184, Note: the original date was incorrect; 8/2/98 is the correct date.	Y	3/ 5.8	X			
39	1195	2/20/01	2/19/01	8/14/1998	audio	REUNION DR - DR. CERPA - DR. BRINGAS - ING. JOY WAY	X		Y	4/ 6.2	X			
40	1196	2/20/01	2/19/01	8/14/1998	audio	REUNION DR - DR. CERPA - DR. BRINGAS - ING. JOY WAY #2	X	continuation of 1195	Y	3/ 5.12	X			
41	1169	3/15/01	3/12/01	8/20/1998	video	GENERAL EP HERMOZA R√çOS - GENERAL EP VILLANUEVA RUESTA - GENERAL PNP DIANDERAS O. - GENERAL FAP ELESB√ÅN BELLO - ALMIRANTE IB√ÅRCENA - GENERAL EP SALAZAR MONROE - GENERAL EP SAUCEDO - DR. MONTESINOS TORRES - ING. ALBERTO FUJIMORI	X		Y	6/ 10.2	X			
42	1168	3/15/01	3/12/01	8/20/1998	video	GENERAL EP HERMOZA R√çOS - GENERAL EP VILLANUEVA RUESTA - GENERAL PNP DIANDERAS O. - GENERAL FAP ELESB√ÅN BELLO - ALMIRANTE IB√ÅRCENA - GENERAL EP SALAZAR MONROE - GENERAL EP SAUCEDO - DR. MONTESINOS TORRES - ING. ALBERTO FUJIMORI	X	duplicate of 1169	Y	6/ 10.2	x			
43	M04-2	6/30/01	5/21/01	8/20/2000	video	IVACHINI EN EL AEROPUERTO	X	Note: the original date was incorrect; transcripts not included in shared folder	Y	5/ 8.14				
44	M04-3	6/30/01	5/21/01	4/14/1998	video	REGISTRO DOMICILIARIO IVACHINI	X	Note: the original date was incorrect; transcripts not included in shared folder, 	Y	5/ 8.15				
	M04-1	6/30/01	5/21/01	8/18/2000	video	REUNI√ìN IVACHINI - DIPLOM√ÅTICOS	X	Note: the original date was incorrect; transcripts not included in shared folder	Y	5/ 8.13				
46	1192	1/23/01	1/23/01	9/22/1998	video	GAMARRA O. "AMIGO LUCHO": LUIS AYBAR CANCHO O LUIS VENERO GARRIDO	X		Y	4/ 6.3	X			
47	1230	3/2/01	2/27/01	10/12/1998	video	EX CONGRESISTA TRELLES MONTERO - ING. ALBERTO FUJIMORI	X		Y	5/ 8.7	X			
48	1199	7/16/01	5/28/01	10/12/1998	audio	REUNI√ìN DR. - BOROBIO - JULIO VERA	X	duplicate of 1197	Y	1/ 2.2	X			
49	1197	7/16/01	5/28/01	10/12/1998	video	REUNI√ìN DR. - BOROBIO - JULIO VERA	X		Y	1/ 2.2	X			
50	1201	3/8/01	3/5/01	10/14/1998	video	SR. JOS√â FRANCISCO CROUSILLAT - DR. MONTESINOS TORRES	X	duplicate of 1200	Y	1/ 2.3	X			
51	1200	3/8/01	3/5/01	10/14/1998	video	SR. JOS√â FRANCISCO CROUSILLAT - DR. MONTESINOS TORRES	X		Y	1/ 2.3	 X			
52	1317	2/12/01	2/10/01	9/14/1998	video	DR ROMULO MU√ëOZ - MEDELIUS	X	continuation of 1318, Note: the original date was incorrect; 9/14/98 is the correct date.	Y	3/ 5.13	X			
53	1318	2/12/01	2/10/01	9/14/1998	video	DR ROMULO MU√ëOZ - MEDELIUS	X	Note: the original date was incorrect; 9/14/98 is the correct date.	Y	3/ 5.14	X			
54	1321	2/12/01	2/10/01	11/12/1998	video	DR ROMULO MU√ëOZ -MONTESINOS	X		Y	3/ 5.15	X			
55	1300	5/21/01	5/15/01	12/7/1998	video	DR. MONTESINOS TORRES - GENERAL EP VILLANUEVA RUESTA - OFICIALES EP	X		Y	6/ 10.4	X			
56	1302	5/21/01	5/15/01	12/7/1998	video	DR. MONTESINOS TORRES - GENERAL EP VILLANUEVA RUESTA - OFICIALES EP	X	duplicate of 1300	Y	6/ 10.4	X			
57	1301	5/21/01	5/15/01	12/7/1998	video	DR. MONTESINOS TORRES - GENERAL EP VILLANUEVA RUESTA - OFICIALES EP	X		Y	6/ 10.3	X			
58	1299	5/21/01	5/15/01	12/7/1998	video	DR. MONTESINOS TORRES - GENERAL EP VILLANUEVA RUESTA - OFICIALES EP	X	duplicate of 1301	Y	6/ 10.3	X			
59	861	6/5/01	5/21/01	2/10/1998	audio	ALMUERZO LUCCHETTI - DR.	X	blank	Y	1/ 1.2	Blank	Note: the original date was incorrect; 02/10/98 is the correct date.		
60	859	6/5/01	5/21/01	2/10/1998	audio	LUCCHETTI - DR.	X		Y	1/ 1.3	X	Note: the original date was incorrect; 02/10/98 is the correct date.		
61	860	6/5/01	5/21/01	2/10/1998	audio	LUCCHETTI - DR.	X	blank	Y	1/ 1.3	X	Note: the original date was incorrect; 02/10/98 is the correct date.		
62	858	6/5/01	5/21/01	2/10/1998	audio	ALMUERZO LUCCHETTI - DR.	X		Y	1/ 1.2	X	Note: the original date was incorrect; 02/10/98 is the correct date.		
63	1289	3/6/01	3/5/01	12/31/1998	audio	CONGRESISTA CARLOS FERRERO - DR. MONTESINOS TORRES	X	contained within 1290	Y	4/ 6.4	X			
64	1290	3/6/01	3/5/01	12/31/1998	audio	CONGRESISTA CARLOS FERRERO - DR. MONTESINOS TORRES	X		Y	4/ 6.4	X			
65	1292	3/10/01	2/21/01	1/5/1999	video	CONGRESISTA JOY WAY ROJAS - SRA. MAR√çA CUCULIZA TORRE - DR. MONTESINOS TORRES	X		Y	3/ 5.18	X			
66	1349	3/9/01	3/5/01	2/26/1999	video	SR. JOS√â FRANCISCO CROUSILLAT - SRA. GISELA VALC√ÅRCEL A. - DR. MONTESINOS TORRES - SR. JOS√â ENRIQUE CROUSILLAT	X		Y	1/ 2.4	X			
67	1350	3/9/01	3/5/01	2/26/1999	video	SR. JOS√â FRANCISCO CROUSILLAT - SRA. GISELA VALC√ÅRCEL A. - DR. MONTESINOS TORRES - SR. JOS√â ENRIQUE CROUSILLAT	X	duplicate of 1349	Y	1/ 2.4	X			
68	1348	3/9/01	3/5/01	2/26/1999	video	SR. JOS√â FRANCISCO CROUSILLAT - SRA. GISELA VALC√ÅRCEL A. - DR. MONTESINOS TORRES - SR. JOS√â ENRIQUE CROUSILLAT	X	continuation of 1349	Y	1/ 2.4	X			
69	1347	3/9/01	3/5/01	2/26/1999	video	SR. JOS√â FRANCISCO CROUSILLAT - SRA. GISELA VALC√ÅRCEL A. - DR. MONTESINOS TORRES - SR. JOS√â ENRIQUE CROUSILLAT	X	duplicate of 1348	Y	2/ 4.7	X			
70	1374	4/6/01	4/4/01	3/13/1999	video	GENERAL EP SALAZAR MONROE - GENERAL EP VILLANUEVA R. - GENERAL EP SAUCEDO S. - ALMIRANTE IB√ÅRCENA AMICO - GENERAL FAP BELLO V√ÅSQUEZ - GENERAL PNP DIANDERAS O. - CONTRALMIRANTE ROSAS - OFICIALES FFAA - OFICIALES PNP - DR. MONTESINOS TORRES	X	1368-1374	Y	6/ 10.11	X			
71	1372	4/6/01	4/4/01	3/13/1999	video	GENERAL EP SALAZAR MONROE - GENERAL EP VILLANUEVA R. - GENERAL EP SAUCEDO S. - ALMIRANTE IB√ÅRCENA AMICO - GENERAL FAP BELLO V√ÅSQUEZ - GENERAL PNP DIANDERAS O. - CONTRALMIRANTE ROSAS - OFICIALES FFAA - OFICIALES PNP - DR. MONTESINOS TORRES	X		Y	6/ 10.11	X			
72	1373	4/6/01	4/4/01	3/13/1999	video	GENERAL EP SALAZAR MONROE - GENERAL EP VILLANUEVA R. - GENERAL EP SAUCEDO S. - ALMIRANTE IB√ÅRCENA AMICO - GENERAL FAP BELLO V√ÅSQUEZ - GENERAL PNP DIANDERAS O. - CONTRALMIRANTE ROSAS - OFICIALES FFAA - OFICIALES PNP - DR. MONTESINOS TORRES	X		Y	6/ 10.11	X			
73	1371	4/6/01	4/4/01	3/13/1999	video	GENERAL EP SALAZAR MONROE - GENERAL EP VILLANUEVA R. - GENERAL EP SAUCEDO S. - ALMIRANTE IB√ÅRCENA AMICO - GENERAL FAP BELLO V√ÅSQUEZ - GENERAL PNP DIANDERAS O. - CONTRALMIRANTE ROSAS - OFICIALES FFAA - OFICIALES PNP - DR. MONTESINOS TORRES	X		Y	6/ 10.11	X			
74	1368	4/6/01	4/4/01	3/13/1999	video	GENERAL EP SALAZAR MONROE - GENERAL EP VILLANUEVA R. - GENERAL EP SAUCEDO S. - ALMIRANTE IB√ÅRCENA AMICO - GENERAL FAP BELLO V√ÅSQUEZ - GENERAL PNP DIANDERAS O. - CONTRALMIRANTE ROSAS - OFICIALES FFAA - OFICIALES PNP - DR. MONTESINOS TORRES	X		Y	6/ 10.11	X			
75	1370	4/6/01	4/4/01	3/13/1999	video	GENERAL EP SALAZAR MONROE - GENERAL EP VILLANUEVA R. - GENERAL EP SAUCEDO S. - ALMIRANTE IB√ÅRCENA AMICO - GENERAL FAP BELLO V√ÅSQUEZ - GENERAL PNP DIANDERAS O. - CONTRALMIRANTE ROSAS - OFICIALES FFAA - OFICIALES PNP - DR. MONTESINOS TORRES	X		Y	6/ 10.11	X			
76	1369	4/6/01	4/4/01	3/13/1999	video	GENERAL EP SALAZAR MONROE - GENERAL EP VILLANUEVA R. - GENERAL EP SAUCEDO S. - ALMIRANTE IB√ÅRCENA AMICO - GENERAL FAP BELLO V√ÅSQUEZ - GENERAL PNP DIANDERAS O. - CONTRALMIRANTE ROSAS - OFICIALES FFAA - OFICIALES PNP - DR. MONTESINOS TORRES	X		Y	6/ 10.11	X			
77	1424	4/6/01	4/4/01	3/19/1999	video	GENERAL EP SALAZAR MONROE - GENERAL EP VILLANUEVA R. - GENERAL EP SAUCEDO S. - ALMIRANTE IB√ÅRCENA AMICO - GENERAL FAP BELLO V√ÅSQUEZ - GENERAL PNP DIANDERAS O. - CONTRALMIRANTE ROSAS - OFICIALES FFAA - OFICIALES PNP - DR. MONTESINOS TORRES	x	1410-1431	Y	6/ 10.12	X			
78	1425	4/6/01	4/4/01	3/19/1999	video	GENERAL EP SALAZAR MONROE - GENERAL EP VILLANUEVA R. - GENERAL EP SAUCEDO S. - ALMIRANTE IB√ÅRCENA AMICO - GENERAL FAP BELLO V√ÅSQUEZ - GENERAL PNP DIANDERAS O. - CONTRALMIRANTE ROSAS - OFICIALES FFAA - OFICIALES PNP - DR. MONTESINOS TORRES	X		Y	6/ 10.12	X			
79	1423	4/6/01	4/4/01	3/19/1999	video	GENERAL EP SALAZAR MONROE - GENERAL EP VILLANUEVA R. - GENERAL EP SAUCEDO S. - ALMIRANTE IB√ÅRCENA AMICO - GENERAL FAP BELLO V√ÅSQUEZ - GENERAL PNP DIANDERAS O. - CONTRALMIRANTE ROSAS - OFICIALES FFAA - OFICIALES PNP - DR. MONTESINOS TORRES	X		Y	6/ 10.12	X			
80	1422	4/6/01	4/4/01	3/19/1999	video	GENERAL EP SALAZAR MONROE - GENERAL EP VILLANUEVA R. - GENERAL EP SAUCEDO S. - ALMIRANTE IB√ÅRCENA AMICO - GENERAL FAP BELLO V√ÅSQUEZ - GENERAL PNP DIANDERAS O. - CONTRALMIRANTE ROSAS - OFICIALES FFAA - OFICIALES PNP - DR. MONTESINOS TORRES	X		Y	6/ 10.12	X			
81	1427	4/6/01	4/4/01	3/19/1999	video	GENERAL EP SALAZAR MONROE - GENERAL EP VILLANUEVA R. - GENERAL EP SAUCEDO S. - ALMIRANTE IB√ÅRCENA AMICO - GENERAL FAP BELLO V√ÅSQUEZ - GENERAL PNP DIANDERAS O. - CONTRALMIRANTE ROSAS - OFICIALES FFAA - OFICIALES PNP - DR. MONTESINOS TORRES	X		Y	6/ 10.12	X			
82	1431	4/6/01	4/4/01	3/19/1999	video	GENERAL EP SALAZAR MONROE - GENERAL EP VILLANUEVA R. - GENERAL EP SAUCEDO S. - ALMIRANTE IB√ÅRCENA AMICO - GENERAL FAP BELLO V√ÅSQUEZ - GENERAL PNP DIANDERAS O. - CONTRALMIRANTE ROSAS - OFICIALES FFAA - OFICIALES PNP - DR. MONTESINOS TORRES	X		Y	6/ 10.12	X			
83	1426	4/6/01	4/4/01	3/19/1999	video	GENERAL EP SALAZAR MONROE - GENERAL EP VILLANUEVA R. - GENERAL EP SAUCEDO S. - ALMIRANTE IB√ÅRCENA AMICO - GENERAL FAP BELLO V√ÅSQUEZ - GENERAL PNP DIANDERAS O. - CONTRALMIRANTE ROSAS - OFICIALES FFAA - OFICIALES PNP - DR. MONTESINOS TORRES	X		Y	6/ 10.12	X			
84	1428	4/6/01	4/4/01	3/19/1999	video	GENERAL EP SALAZAR MONROE - GENERAL EP VILLANUEVA R. - GENERAL EP SAUCEDO S. - ALMIRANTE IB√ÅRCENA AMICO - GENERAL FAP BELLO V√ÅSQUEZ - GENERAL PNP DIANDERAS O. - CONTRALMIRANTE ROSAS - OFICIALES FFAA - OFICIALES PNP - DR. MONTESINOS TORRES	X		Y	6/ 10.12	X			
85	1429	4/6/01	4/4/01	3/19/1999	video	GENERAL EP SALAZAR MONROE - GENERAL EP VILLANUEVA R. - GENERAL EP SAUCEDO S. - ALMIRANTE IB√ÅRCENA AMICO - GENERAL FAP BELLO V√ÅSQUEZ - GENERAL PNP DIANDERAS O. - CONTRALMIRANTE ROSAS - OFICIALES FFAA - OFICIALES PNP - DR. MONTESINOS TORRES	X		Y	6/ 10.12	X			
86	1430	4/6/01	4/4/01	3/19/1999	video	GENERAL EP SALAZAR MONROE - GENERAL EP VILLANUEVA R. - GENERAL EP SAUCEDO S. - ALMIRANTE IB√ÅRCENA AMICO - GENERAL FAP BELLO V√ÅSQUEZ - GENERAL PNP DIANDERAS O. - CONTRALMIRANTE ROSAS - OFICIALES FFAA - OFICIALES PNP - DR. MONTESINOS TORRES	X		Y	6/ 10.12	X			
87	1414	4/10/01	4/9/01	3/19/1999	video	GENERAL EP SALAZAR MONROE - GENERAL EP VILLANUEVA R. - GENERAL EP SAUCEDO S. - ALMIRANTE IB√ÅRCENA AMICO - GENERAL FAP BELLO V√ÅSQUEZ - GENERAL PNP DIANDERAS O. - CONTRALMIRANTE ROSAS - OFICIALES FFAA - OFICIALES PNP - DR. MONTESINOS TORRES	X		Y	6/ 10.12	X			
88	1420	4/10/01	4/9/01	3/19/1999	video	GENERAL EP SALAZAR MONROE - GENERAL EP VILLANUEVA R. - GENERAL EP SAUCEDO S. - ALMIRANTE IB√ÅRCENA AMICO - GENERAL FAP BELLO V√ÅSQUEZ - GENERAL PNP DIANDERAS O. - CONTRALMIRANTE ROSAS - OFICIALES FFAA - OFICIALES PNP - DR. MONTESINOS TORRES	X		Y	6/ 10.12	X			
89	1411	4/10/01	4/9/01	3/19/1999	video	GENERAL EP SALAZAR MONROE - GENERAL EP VILLANUEVA R. - GENERAL EP SAUCEDO S. - ALMIRANTE IB√ÅRCENA AMICO - GENERAL FAP BELLO V√ÅSQUEZ - GENERAL PNP DIANDERAS O. - CONTRALMIRANTE ROSAS - OFICIALES FFAA - OFICIALES PNP - DR. MONTESINOS TORRES	X		Y	6/ 10.12	X			
90	1421	4/10/01	4/9/01	3/19/1999	video	GENERAL EP SALAZAR MONROE - GENERAL EP VILLANUEVA R. - GENERAL EP SAUCEDO S. - ALMIRANTE IB√ÅRCENA AMICO - GENERAL FAP BELLO V√ÅSQUEZ - GENERAL PNP DIANDERAS O. - CONTRALMIRANTE ROSAS - OFICIALES FFAA - OFICIALES PNP - DR. MONTESINOS TORRES	X		Y	6/ 10.12	X			
91	1410	4/10/01	4/9/01	3/19/1999	video	GENERAL EP SALAZAR MONROE - GENERAL EP VILLANUEVA R. - GENERAL EP SAUCEDO S. - ALMIRANTE IB√ÅRCENA AMICO - GENERAL FAP BELLO V√ÅSQUEZ - GENERAL PNP DIANDERAS O. - CONTRALMIRANTE ROSAS - OFICIALES FFAA - OFICIALES PNP - DR. MONTESINOS TORRES	X		Y	6/ 10.12	X			
92	1413	4/10/01	4/9/01	3/19/1999	video	GENERAL EP SALAZAR MONROE - GENERAL EP VILLANUEVA R. - GENERAL EP SAUCEDO S. - ALMIRANTE IB√ÅRCENA AMICO - GENERAL FAP BELLO V√ÅSQUEZ - GENERAL PNP DIANDERAS O. - CONTRALMIRANTE ROSAS - OFICIALES FFAA - OFICIALES PNP - DR. MONTESINOS TORRES	X		Y	6/ 10.12	X			
93	1412	4/10/01	4/9/01	3/19/1999	video	GENERAL EP SALAZAR MONROE - GENERAL EP VILLANUEVA R. - GENERAL EP SAUCEDO S. - ALMIRANTE IB√ÅRCENA AMICO - GENERAL FAP BELLO V√ÅSQUEZ - GENERAL PNP DIANDERAS O. - CONTRALMIRANTE ROSAS - OFICIALES FFAA - OFICIALES PNP - DR. MONTESINOS TORRES	X		Y	6/ 10.12	X			
94	1419	4/10/01	4/9/01	3/19/1999	video	GENERAL EP SALAZAR MONROE - GENERAL EP VILLANUEVA R. - GENERAL EP SAUCEDO S. - ALMIRANTE IB√ÅRCENA AMICO - GENERAL FAP BELLO V√ÅSQUEZ - GENERAL PNP DIANDERAS O. - CONTRALMIRANTE ROSAS - OFICIALES FFAA - OFICIALES PNP - DR. MONTESINOS TORRES	X		Y	6/ 10.12	X			
95	1418	4/10/01	4/9/01	3/19/1999	video	GENERAL EP SALAZAR MONROE - GENERAL EP VILLANUEVA R. - GENERAL EP SAUCEDO S. - ALMIRANTE IB√ÅRCENA AMICO - GENERAL FAP BELLO V√ÅSQUEZ - GENERAL PNP DIANDERAS O. - CONTRALMIRANTE ROSAS - OFICIALES FFAA - OFICIALES PNP - DR. MONTESINOS TORRES	X		Y	6/ 10.14	X	BLANK CHAPTER IN BOOK		
96	1415	4/10/01	4/9/01	3/19/1999	video	GENERAL EP SALAZAR MONROE - GENERAL EP VILLANUEVA R. - GENERAL EP SAUCEDO S. - ALMIRANTE IB√ÅRCENA AMICO - GENERAL FAP BELLO V√ÅSQUEZ - GENERAL PNP DIANDERAS O. - CONTRALMIRANTE ROSAS - OFICIALES FFAA - OFICIALES PNP - DR. MONTESINOS TORRES	X		Y	6/ 10.14	X	BLANK CHAPTER IN BOOK		
97	1416	4/10/01	4/9/01	3/19/1999	video	GENERAL EP SALAZAR MONROE - GENERAL EP VILLANUEVA R. - GENERAL EP SAUCEDO S. - ALMIRANTE IB√ÅRCENA AMICO - GENERAL FAP BELLO V√ÅSQUEZ - GENERAL PNP DIANDERAS O. - CONTRALMIRANTE ROSAS - OFICIALES FFAA - OFICIALES PNP - DR. MONTESINOS TORRES	X		Y	6/ 10.14	X	BLANK CHAPTER IN BOOK		
98	1417	4/10/01	4/9/01	3/19/1999	video	GENERAL EP SALAZAR MONROE - GENERAL EP VILLANUEVA R. - GENERAL EP SAUCEDO S. - ALMIRANTE IB√ÅRCENA AMICO - GENERAL FAP BELLO V√ÅSQUEZ - GENERAL PNP DIANDERAS O. - CONTRALMIRANTE ROSAS - OFICIALES FFAA - OFICIALES PNP - DR. MONTESINOS TORRES	X				X			
99	1460	2/22/01	2/21/01	4/7/1999	video	JOY WAY - DELGADO PARKER - DR.	X		Y	1/ 2.7	X			
100	1459	2/22/01	2/21/01	4/7/1999	video	JOY WAY - DELGADO PARKER - DR.	X	duplicate of 1460	Y	1/ 2.7	X			
101	1488	3/13/01	3/5/01	4/21/1999	video	SR. GENARO DELGADO PARKER - DR. MONTESINOS TORRES	X	blank			X			
102	1487	3/13/01	3/5/01	4/21/1999	video	SR. GENARO DELGADO PARKER - DR. MONTESINOS TORRES	X		Y	1/ 2.8	X			
103	1568	5/11/01	4/10/01	6/12/1999	video	DR. LUIS BEDOYA DE VIVANCO - SR. RE√ÅTEGUI - DR. MONTESINOS	X		Y	3/ 5.19	X			
104	1569	5/11/01	4/10/01	6/12/1999	video	DR. LUIS BEDOYA DE VIVANCO - SR. RE√ÅTEGUI - DR. MONTESINOS	X	duplicate of 1568	Y	3/ 5.19	X			
105	1574	2/16/01	2/13/01	6/14/1999	video	REUNION DR - CMDTES GRALES - DIONISIO ROMERO	x		Y	1/ 1.6	X			
106	1575	2/16/01	2/13/01	6/14/1999	video	REUNION DR - CMDTES GRALES - DIONISIO ROMERO	x	duplicate of 1574	Y	1/ 1.6	X			
107	1601	5/11/01	4/10/01	7/5/1999	video	DR. LUIS BEDOYA DE VIVANCO - DR. MONTESINOS TORRES	X		Y	3/ 5.21	X			
108	1602	5/11/01	4/10/01	7/5/1999	video	DR. LUIS BEDOYA DE VIVANCO - DR. MONTESINOS TORRES	X	duplicate of 1601	Y	3/ 5.21	X			
109	1577	5/11/01	4/10/01	6/17/1999	video	DR. LUIS BEDOYA DE VIVANCO - DR. MONTESINOS TORRES	x		Note: the original date was incorrect; 07/17/98 is the correct date.		X			
110	1578	5/11/01	4/10/01	6/17/1999	video	DR. LUIS BEDOYA DE VIVANCO - DR. MONTESINOS TORRES	x	duplicate of 1577	Note: the original date was incorrect; 07/17/98 is the correct date.		X			
111	1604	6/30/01	5/22/01	7/19/1999	video	DOCTOR MONTESINOS TORRES - EMBAJADOR - GENERAL EP VILLANUEVA RUESTA - GENERAL EP BERGAMINO	x				X			
112	1605	6/30/01	5/22/01	7/19/1999	video	DOCTOR MONTESINOS TORRES - EMBAJADOR - GENERAL EP VILLANUEVA RUESTA - GENERAL EP BERGAMINO	x	duplicate of 1604	Y	5/ 8.19	X			
113	1609	7/9/01	5/28/01	7/19/1999	audio	REUNI√ìN DR. - CROUSILLAT - SR. WO - SR. BERTINI	x	blank			X			
114	1608	7/9/01	5/28/01	7/19/1999	video	REUNI√ìN DR. - CROUSILLAT - SR. WO - SR. BERTINI	x	blank			X			
115	1607	7/9/01	5/28/01	7/19/1999	video	REUNI√ìN DR. - CROUSILLAT - SR. WO - SR. BERTINI	x		Y	1/ 1.8	X			
116	1615	3/21/01	3/16/01	7/22/1999	video	GENERAL EP BERGAMINO - GENERAL EP SAUCEDO - GENERAL EP VILLANUEVA - ALMIRANTE IB√ÅRCENA - GENERAL FAP ELESBAN BELLO - GENERAL PNP DIANDERAS - DR. MONTESINOS TORRES	x		Y	2/ 3.4 AND 6/ 10.5	X			
117	1614	3/21/01	3/16/01	7/22/1999	video	GENERAL EP BERGAMINO - GENERAL EP SAUCEDO - GENERAL EP VILLANUEVA - ALMIRANTE IB√ÅRCENA - GENERAL FAP ELESBAN BELLO - GENERAL PNP DIANDERAS - DR. MONTESINOS TORRES	x	duplicate of 1615	Y	2/ 3.4 AND 6/ 10.6	X			
118	1678	5/24/01	5/22/01	8/25/1999	video	DR. MONTESINOS TORRES - SR. DELGADO PARKER - SR. SCH√úTZ	X	continuation of 1677	Y	1/ 2.16	X			
119	1679	5/24/01	5/22/01	8/25/1999	video	DR. MONTESINOS TORRES - SR. DELGADO PARKER - SR. SCH√úTZ	X	duplicate of 1677	Y	1/ 2.15	X			
120	1677	5/24/01	5/22/01	8/25/1999	video	DR. MONTESINOS TORRES - SR. DELGADO PARKER - SR. SCH√úTZ	X		Y	1/ 2.15	X			
121	1682	6/2/01		9/1/1999	video	Defensor del Pueblo. General EP Villanueva Ruesta. Dr. Montesinos Torres.	x		Y	6/ 10.6	X			
122	1736	5/11/01	4/20/01	9/4/1999	video	#3 SR. EDUARDO CALMELL DEL SOLAR - DR. MONTESINOS TORRES	x		Y	1/ 2.12	X	Note: the original date was incorrect; 9/4/99 is the correct date.		
123	1476	5/12/01	4/20/01	4/13/1999	audio	#1.2 SR. EDUARDO CALMELL DEL SOLAR - DR. MONTESINOS TORRES 	x	continuation of 1475	Y	1/ 2.10	X	Note: the original date was incorrect; 4/13/99 is the correct date.		
124	1753	5/11/01	4/20/01	10/5/1999	video	#4 SR. EDUARDO CALMELL DEL SOLAR - DR. MONTESINOS TORRES	x		Y	1/ 2.13	X			
125	1492	5/12/01	4/20/01	4/21/1999	audio	#2 SR. EDUARDO CALMELL DEL SOLAR - DR. MONTESINOS TORRES	x		Y	1/ 2.11	X	Note: the original date was incorrect; 4/21/99 is the correct date.		
126	1475	5/12/01	4/20/01	4/13/1999	audio	#1 SR. EDUARDO CALMELL DEL SOLAR - DR. MONTESINOS TORRES	x		Y	1/ 2.9	X	Note: the original date was incorrect; 4/13/99 is the correct date.		
127	1789	7/6/01	5/24/01	11/11/1999	video	REUNI√ìN DR. - BERTINI	x	blank			X			
128	1790	7/6/01	5/24/01	11/11/1999	audio	REUNI√ìN DR. - BERTINI	x	blank			X			
129	1788	7/6/01	5/24/01	11/11/1999	video	REUNI√ìN DR. - BERTINI	x		Y	1/ 1.9	X			
130	1792	2/16/01	2/14/01	11/26/1999	video	DIALOGO GRAL. VILLANUEVA - ALM. IBARCENA - GRAL. BELLO	x		Y	6/ 10.7	X			
131	1795	2/16/01	2/14/01	11/26/1999	video	REUNION GRAL. VILLANUEVA - GRAL. BELLO - ALM. IBARCENA - WINTER	X		Y	4/ 7.1	X			
132	1822	3/1/01	2/26/01	1/27/2000	video	DR. ALEX KOURI BUMACHAR - SR. JOS√â FRANCISCO CROUSILLAT - DR. MONTESINOS TORRES	x		Y	4/ 7.5	X			
133	1825	3/1/01	2/26/01	2/2/2000	video	DR. ALEX KOURI BUMACHAR - DR. MONTESINOS TORRES	x		Y	4/ 7.6	X			
134	1831	2/5/01	2/5/01	3/13/2000	video	DR. MANTILLA CAMPOS - DR. MONTESINOS TORRES	x		Y	4/ 6.5	X			
135	1830	2/5/01	2/5/01	3/13/2000	video	DR. MANTILLA CAMPOS - DR. MONTESINOS TORRES	x	duplicate of 1831	Y	4/ 6.5	X			
136	1833	3/1/01	2/26/01	3/15/2000	video	DR. ALEX KOURI BUMACHAR - DR. MONTESINOS TORRES	x		Y	4/ 7.7	X			
137	891	1/24/01			audio	REUNION DR, A. MONTES, L.SERPA, V.CASTILLO	-	blank						
138	890	1/24/01	05/19/98	5/19/1998	audio	REUNION DR, A. MONTES, L.SERPA, V.CASTILLO	-			Note: date was not included; correct date is 05/19/98				
												SCANNED	OCR CHECKED?	ADDED TO MODIFIED TRANSCRIPT
BR1	1583			6/22/1999	video	REUNION DR - DIONISIO ROMERO	x		Y	1/ 1.7		X	X	X
BR2	896			1/20/1998	audio	REUNION VERA GUTIERREZ			Y	1/ 2.1		X	X	X
BR3	1364			4/4/1999	audio	REUNION JOY WAY - GENARO DELGADO PARKER	x		Y	1/ 2.5		X	X	X
BR4	1365			4/4/1999	audio	REUNION JOY WAY - GENARO DELGADO PARKER	x	continuation of 1365	Y	1/ 2.6		X	X	X
BR5	1780			11/6/1999	audio	CALMELL-VICENTE-GRAL. DELGADO	X		Y	1/ 2.14		X	X	X
BR6	SN/SF			sin fecha	video	REUNION DR. - JOY WAY - SCHUTZ			Y	1/ 2.17		X	X	X
BR7	1782			11/10/1999	video	REUNION DR. - PALERMO	x		y	1/ 2.18		X	X	X
BR8	B - 139 "4A"			sin fecha	audio	SIN TITULO	x		Y	1/ 2.19		X	X	X
BR9	C - 72			sin fecha	video	ALAMO	x		Y	1/ 2.20		X	X	X
BR10	Video sin Numero (M-02)			sin fecha	video	SIN TITULO	-	blank	Y	1/ 2.21	Blank chapter	X	-	
BR11	1019			sin fecha	video	BARUCH IVCHER	-	blank	Y	1/ 2.22	Blank Chapter	X	-	
BR12	C-72			2/26/1998	audio	SR. AMERICANO CASO BARUCH			Y	2/ 4.1		X	X	X
BR13	1172			9/8/1998	audio	ENTREVISTA ALEX KOURI-DR	X		Y	2/ 4.5		X	X	X
BR14	1174			9/9/1998	video	DR. - ALEX KOURI - PRIMO	X		Y	2/ 4.6		X	X	X
BR15	1177			9/10/1998	audio	REUNION DR. ALEX KOURI			Y	3/ 5.10		X	X	X
BR16	1182			9/15/1998	audio	DIALOGO: DR. - ALEX KOURI BUMACHAR			Y	3/ 5.11		X	X	X
BR17	1324			11/23/1998	video	MANUEL GUILLEN Y VLADIMIRO MONTESINOS			Y	3/ 5.16		X	X	X
BR18	1557			6/12/1999	video	LUIS BEDOYA DE VIVANCO, TOMAS GONZALEZ Y VLADIMIRO MONTESINOS	x	duplicates of XXX	Y	3/ 5.20		X	X	X
BR19	1558			6/12/1999	video	LUIS BEDOYA DE VIVANCO, TOMAS GONZALEZ Y VLADIMIRO MONTESINOS	X		Y	3/ 5.20		X	X	X
BR20	N/A			5/.../2000	audio	ALBERTO KOURI - VLADIMIRO MONTESINOS			Y	4/ 6.6	Original doesn't exist in in archives of Congress	X	X	X
BR21	1798			12/3/1999	video	REUNION DOCTOR MONTESINOS TORRES - CHIRINOS SOTO	X		Y	4/ 7.2		X	X	X
BR22	1806			12/25/1999	video	REUNION DR. - KETIN VIDAL	X		Y	4/ 7.3		X	X	X
BR23	1809			12/25/1999	video	REUNION DR. - KETIN VIDAL	X		Y	4/ 7.4	Response to proposal in 4/ 7.3	X	X	X
BR24	352-A			7/28/2000	audio	REUNION FRANCISCO TUDELA Y VLADIMIRO MONTESINOS	x	no date possibly before 7/28/2000	Y	4/ 7.8		X	X	X
BR25	B/1-B			sin fecha	audio	SIN TITULO			Y	4/ 7.9		X	X	X
BR26	351-A (1)			8/.../2000	audio	REUNION CARLOS BOLOÑA Y VLADIMIRO MONTESINOS	x		Y	4/ 7.10		X	X	X
BR27	351-A (side B)			8/.../2000	audio	REUNION FUNCIONARIO DEL BANCO WIESE Y VLADIMIRO MONTESINOS			Y	4/ 7.11		X	X	X
BR28	1692			7/.../1999	video	REUNION DR. - JOY WAY - BUSTAMANTE - GROSS	x	no date possibly July 1999	Y	5/ 8.1		X	X	X
BR29	924			5/28/1998	video	REUNION ALMIRANTE PATRICIO ARANCIBIA CON EL DOCTOR			Y	5/ 8.2	924-927	X	X	X
BR30	925			5/28/1998	video	REUNION ALMIRANTE PATRICIO ARANCIBIA CON EL DOCTOR		continuation of 924	Y	5/ 8.3		X	X	X
BR31	926			5/28/1998	video	REUNION ALMIRANTE PATRICION ARACIBIA CON EL DOCTOR		duplicate of 924	Y	5/ 8.4		X	X	X
BR32	s/n			6/13/1997	video	MONCAYO			Y	5/ 8.5		X	X	X
BR33	A15-B8			sin fecha	video	REUNION DE FRANCISCO TUDELA Y VLADIMIRO MONTESINOS	x		Y	5/ 8.8		X	X	X
BR34	P/I Siberia Casete B			8/18/2000	video	JOSE LUIS Y LUIS FRANK AYBAR CANCHO (TRAFICO DE ARMAS FARC-COLOMBIA)			Y	5/ 8.9		X	X	X
BR35	P/I CASETE C			sin fecha	video	SIBERIA-JOSE LUIS Y LUIS FRANK AYBAR CANCHO (TRAFICO ARMAS FARC)			Y	5/ 8.10		X	X	X
BR36	P/I CASETE D			sin fecha	video	JOSE LUIS Y LUIS FRANK AYBAR CANCHO (TRAFICO DE ARMAS FARC-COLOMBIA)			Y	5/ 8.11		X	X	X
BR37	P/I CASETE E			sin fecha	video	TOMA DE GENERALES DE LEY, COMUNICACION DE APERTURA DE INSTRUCCION Y TRASLADO DE LOS DETENIDOS A LOS PENALES CASTRO CASTRO Y SANTA MONICA			Y	5/ 8.12		X	X	X
BR38	848			4/21/1998	video	VISITA-BARRY MC CAFFREY (BRESAN)			Y	5/ 8.17		X	X	X
BR40	894			5/20/1998	audio	REUNION: DR. - DR. COSTA B. Y EMBAJADOR JETT			Y	5/ 8.18		X	X	X
BR41	1613-A 			7/22/1999	audio	DIALOGO DOCTOR-DON-DOS AMERICANOS-ROZAS	x		Y	5/ 8.20		X	X	X
BR42	1663			8/18/1999	audio	DR. M. SALUD - SRA. HEATHER (EMB. USA) 1 Y 2 RESPECTIVAMENTE	x		Y	5/ 8.21		X	X	X
BR43	351-A			sin fecha	audio	REUNION DESCONOCIDO Y VLADIMIRO MONTESINOS			Y	5/ 8.22		X	X	X
BR44	1014			3/25/1997	audio	JAVIER ALVA ORLANDINI Y VICTOR GARCIA			Y	5/ 9.1		X	X	X
BR45	1015			3/25/1997	audio	JAVIER ALVA ORLANDINI Y VICTOR GARCIA			Y	5/ 9.1		X	X	X
BR46	1016			3/26/1997	video	LUIS PERCOVICH			Y	5/ 9.2		X	X	X
BR47	1017			3/26/1997	video	PABLO CID			Y	5/ 9.3		X	X	X
BR48	1018			sin fecha	video	GENERAL W. VERNON - BARUCH IVCHER	-	Blank Chapter	Y	5/ 9.4	Blank Chapter	X	-	-
BR49	1209			9/20/1998	video	CAIGA QUIEN CAIGA	-	Blank Chapter	Y	5/ 9.5	Blank Chapter	X	-	-
BR50	1359			3/11/1999	video	VIAJE DR.	-	Blank Chapter	Y	5/ 9.6	Blank Chapter	X	-	-
BR51	M-1B			3/11/1999	video	ACTIVIDADES DOCTOR MONTESINOS - ALTA DIRECCION	-	Blank Chapter	Y	5/ 9.7	Blank Chapter	X	-	-
BR52	1020			sin fecha	video	BARUCH IVCHER - CAMPO DE TIRO	-	Blank Chapter	Y	5/ 9.8	Blank Chapter	X	-	-
BR53	S/N			sin fecha	video	CASO ALAN GARCIA	-	Blank Chapter	Y	5/ 9.9	Blank Chapter	X	-	-
BR54	1538			sin fecha	video	SPOT APRA - 20 SEGUNDOS	-	Blank Chapter	Y	5/ 9.10	Blank Chapter	X	-	-
BR55	1352-B			sin fecha	video	CONVERSACIONES TELEFONICAS INTRASCENDENTES	-	Blank Chapter	Y	5/ 9.11	Blank Chapter	X	-	-
BR56	1312			1/12/1998	video	REUNION DOCTOR - PATRICIO RICKETTS			Y	6/ 10.1		X	X	X
BR57	C-72			2/7/2000	audio	MOROTE - DR. - MOTIN DE YANAMAYO- PUNO	x		Y	6/ 10.8		X	X	X
BR59	B 139 A-4				audio	REUNION DE LA CUPULA MILITAR Y VLADIMIRO MONTESINOS			Y	6/ 10.9		X	X	X
BR60	353			sin fecha	audio	REUNION DE JEFES POLICIALES Y VLADIMIRO MONTESINOS			Y	6/ 10.10		X	X	X
BR61	1395 - 1399			3/19/1999	video	REUNION DE CORONELES DE LAS FUERZAS ARMADAS Y DE LA POLICIA NACIONAL DEL PERU	-	Blank Chapter	Y	6/ 10.13	BLANK CHAPTER IN BOOK	X	-	-
BR62	s/n			sin fecha	video	AYBAR	-	Blank Chapter	Y	6/ 10.15	BLANK CHAPTER IN BOOK	X	-	-
BR63	921			sin fecha	video	ENTREVISTAS	-	Blank Chapter	Y	6/ 10.16	BLANK CHAPTER IN BOOK	X	-	-
BR64	849			4/22/1998	video	CEREMONIA EN LA REPLICA	-	Blank Chapter	Y	6/ 10.17	BLANK CHAPTER IN BOOK	X	-	-
BR65	699			9/20/1997	video	CONSEJO SUPREMO DE JUSTICIA MILITAR	-	Blank Chapter	Y	6/ 10.18	BLANK CHAPTER IN BOOK	X	-	-
BR66	942 - 947			5/20/1998	video	CUMPLEAÑOS DR. MONTESINOS	-	Blank Chapter	Y	6/ 10.20	BLANK CHAPTER IN BOOK	X	-	-
BR67	1208			sin fecha	audio	DECLARACIONES DE VLADIMIRO MONTESINOS	-	Blank Chapter	Y	6/ 10.21	BLANK CHAPTER IN BOOK	X	-	-
BR68	C-72			9/25/1995	audio	CONVERSACIONES TELEFONICAS DE ABIMAEL GUZMAN	-	Blank Chapter	Y	6/ 10.22	BLANK CHAPTER IN BOOK	X	-	-